conference_id,cluster
1,19
2,17
4,21
5,7
6,6
7,7
8,21
9,23
10,10
11,18
12,21
13,6
14,3
15,18
16,7
17,7
18,17
19,6
20,5
21,3
22,13
23,25
24,13
25,23
26,19
27,12
28,17
29,12
30,9
31,10
32,5
33,6
34,17
35,2
36,6
37,22
38,24
39,22
40,23
41,17
42,19
43,17
44,10
45,21
46,19
47,7
48,7
49,19
50,25
51,18
52,7
53,13
54,6
55,21
56,10
57,23
58,6
59,23
60,21
61,14
62,11
63,6
64,10
65,7
66,25
67,10
68,6
69,3
70,9
71,21
72,21
73,14
74,21
75,18
77,18
78,14
79,21
80,22
81,6
82,21
83,14
84,20
85,9
86,22
87,21
88,17
89,18
90,25
91,10
92,21
93,21
94,18
95,6
96,18
97,18
98,11
99,21
100,20
101,18
102,21
103,15
104,21
105,21
106,20
107,21
108,17
109,6
110,21
111,3
112,21
113,21
114,21
115,2
116,10
117,21
118,6
119,21
120,25
121,21
122,15
123,20
124,11
125,10
126,6
127,10
128,21
129,21
130,20
131,20
132,22
133,11
134,6
136,14
137,21
138,23
139,18
140,20
141,10
142,20
143,10
144,20
145,10
146,20
147,9
148,21
149,3
150,6
151,12
152,11
153,12
154,4
155,21
156,14
157,21
158,23
159,21
160,4
161,25
162,22
163,6
164,17
165,21
166,11
167,5
168,11
169,7
170,24
171,11
172,3
173,7
174,12
175,4
176,18
177,6
178,6
179,12
180,6
181,12
182,7
183,9
184,3
185,18
186,21
187,2
188,6
189,17
190,6
191,3
192,6
193,18
195,13
196,19
197,17
198,6
199,12
200,22
201,12
202,17
203,21
204,25
205,17
206,18
207,22
208,22
209,20
210,21
211,22
212,6
213,20
214,22
215,17
216,21
217,18
218,9
219,25
220,17
221,17
222,6
223,13
224,6
225,23
226,21
228,17
229,22
230,22
231,15
232,10
233,6
234,12
235,21
236,25
237,24
238,20
239,6
240,23
241,13
242,17
243,21
244,21
245,18
246,11
247,6
248,12
249,21
250,23
251,10
252,20
253,21
254,10
255,10
256,17
257,23
258,5
259,9
260,2
261,18
262,21
263,12
264,11
265,9
266,6
267,6
268,12
269,18
270,13
271,18
272,12
273,14
274,21
275,21
276,12
277,6
278,11
279,21
280,20
282,18
283,12
284,17
285,6
286,10
287,21
288,10
289,3
290,6
291,18
292,20
293,25
294,23
295,4
296,6
297,12
298,17
299,6
300,9
301,17
302,11
303,23
304,23
305,7
306,12
307,18
308,23
309,9
310,23
311,25
312,18
313,6
314,14
315,4
316,7
317,18
318,10
319,21
320,5
321,15
322,5
323,11
324,19
325,9
326,9
327,6
328,14
329,14
330,20
331,6
332,12
333,7
334,12
335,17
336,6
337,21
338,22
339,25
340,7
341,18
342,6
343,6
344,17
345,21
346,9
347,1
348,20
349,25
350,21
351,12
352,21
353,9
354,17
355,18
356,23
357,19
358,11
359,18
360,19
361,21
362,14
363,1
364,6
365,25
366,6
367,21
368,2
369,6
370,13
371,6
373,21
374,21
375,11
376,24
377,7
378,20
379,25
380,21
381,6
382,22
383,22
384,25
385,21
386,6
387,13
388,13
389,21
390,23
391,17
392,24
393,21
394,20
395,6
396,21
397,23
398,11
399,14
400,1
401,20
402,23
403,21
404,25
405,18
406,21
407,21
408,21
409,12
410,1
411,14
412,18
413,14
414,6
416,20
417,10
418,11
419,20
420,23
421,9
422,2
423,17
424,12
425,18
426,20
427,10
428,15
429,21
430,18
431,15
432,17
433,17
434,11
435,6
436,14
437,6
438,21
439,21
440,21
441,9
442,6
443,11
444,7
445,4
446,13
447,22
448,21
449,21
450,21
451,25
452,25
453,21
454,4
455,25
456,15
457,18
458,13
459,18
460,18
461,6
462,1
463,25
464,25
465,25
466,25
467,18
468,4
469,4
470,12
471,20
472,14
473,20
474,11
475,1
476,7
477,21
478,11
479,20
480,21
481,6
482,14
483,13
484,15
485,12
486,11
487,6
488,19
489,20
490,19
491,21
492,21
493,9
494,13
495,9
496,21
497,24
498,25
499,7
500,19
501,21
502,11
503,17
504,4
505,6
506,6
507,24
508,20
509,6
510,12
511,18
512,17
513,17
514,9
515,1
516,17
517,6
518,3
520,8
521,25
522,6
523,4
524,11
525,6
526,19
527,18
528,17
529,6
530,17
531,6
532,23
533,25
534,21
535,21
536,25
537,21
538,11
539,21
540,18
541,5
542,13
543,19
544,13
545,4
546,21
547,23
548,10
549,5
550,19
551,21
552,18
553,21
554,9
555,23
556,17
557,22
558,20
559,9
560,25
561,14
562,14
564,4
565,25
566,4
567,12
568,21
569,10
570,21
571,21
572,13
573,21
574,14
575,18
576,6
577,21
578,2
579,22
580,6
581,11
582,12
583,4
584,20
585,20
586,20
587,2
588,25
589,17
590,20
591,6
592,23
593,23
594,22
595,1
596,13
597,11
598,21
599,6
601,10
602,11
603,9
604,25
605,15
606,9
607,23
608,21
609,6
610,18
611,14
612,23
613,6
614,17
615,6
616,12
617,13
618,18
619,13
620,18
621,17
622,9
623,5
624,18
625,18
626,6
627,21
628,13
629,18
630,6
631,15
632,6
633,18
634,18
635,2
636,10
637,20
638,6
639,25
640,14
641,6
642,6
643,6
644,6
645,13
646,12
647,21
648,13
649,25
650,20
651,6
652,7
653,6
654,10
655,15
656,23
657,5
658,2
659,21
660,6
661,25
662,17
663,6
664,10
665,13
666,6
667,21
668,18
669,17
670,25
671,18
672,6
673,21
674,21
675,12
676,4
677,10
678,21
679,6
680,20
681,21
682,23
683,17
684,1
685,21
686,17
687,14
688,9
689,15
690,19
691,22
692,20
693,21
694,20
695,23
696,23
697,18
698,10
699,5
700,10
701,17
702,23
703,12
704,21
705,23
706,24
707,13
708,21
709,23
710,23
711,21
712,18
713,18
714,20
715,14
716,21
717,21
718,21
719,23
720,6
721,6
722,6
725,11
726,15
727,20
728,21
729,23
730,13
731,21
732,6
733,21
734,15
735,14
736,19
737,14
738,7
739,20
740,9
741,22
742,21
743,21
744,23
745,15
746,1
747,18
748,10
749,2
750,21
751,21
752,20
753,19
754,9
755,12
756,21
757,12
758,25
759,6
760,11
761,20
762,21
763,11
764,9
765,21
766,20
767,13
768,11
769,11
770,6
771,18
772,18
773,18
774,21
775,18
776,14
777,25
778,20
779,25
780,14
781,11
782,20
783,17
784,18
785,14
786,6
787,20
788,25
789,15
790,14
791,11
792,21
793,2
794,25
795,20
796,5
797,17
798,4
799,4
800,17
801,9
802,21
803,14
804,17
805,6
806,4
807,11
808,4
809,21
810,6
811,20
812,20
813,20
814,20
815,25
816,14
817,4
818,21
819,21
820,17
821,1
822,9
823,11
824,11
825,6
826,11
827,21
828,1
829,6
830,17
831,17
832,20
833,17
834,4
835,25
836,21
837,9
838,5
839,6
840,5
841,11
842,1
843,20
844,4
845,6
846,11
847,18
848,18
849,18
850,4
851,21
852,6
853,21
854,21
855,24
856,4
857,9
858,4
859,11
860,4
861,11
862,10
863,21
864,21
865,17
866,6
867,21
868,11
869,9
870,9
871,20
872,21
873,21
874,17
875,11
876,21
877,6
878,11
879,25
880,20
881,14
882,14
883,21
884,17
885,14
886,18
887,4
888,17
889,14
890,24
891,11
892,14
893,9
894,4
895,6
896,1
897,21
898,21
899,17
900,21
901,21
902,18
903,11
904,6
905,12
906,7
907,11
908,18
909,2
910,17
911,20
912,1
913,13
914,20
915,6
916,9
917,21
918,19
919,12
920,20
921,18
922,9
923,11
924,21
925,17
926,4
927,4
928,1
929,21
930,17
931,25
932,6
933,17
934,23
935,6
936,11
937,17
938,17
939,1
940,17
941,6
942,20
943,9
944,21
945,20
946,21
947,12
948,18
949,11
950,20
951,11
952,18
954,21
955,14
956,6
957,24
958,25
959,6
960,25
961,15
962,6
963,6
964,4
965,25
966,14
967,6
968,11
969,17
970,25
971,20
972,20
973,11
974,6
975,1
976,20
977,9
978,18
979,25
980,20
981,21
982,17
983,6
984,14
985,21
986,21
987,11
988,21
989,20
990,17
991,20
992,23
993,14
994,21
995,14
996,20
997,20
998,11
999,21
1000,21
1001,7
1002,11
1003,18
1004,20
1005,23
1006,21
1007,21
1008,20
1009,17
1010,21
1011,25
1012,25
1013,21
1014,7
1015,20
1016,4
1017,14
1018,6
1019,18
1020,6
1021,4
1022,20
1023,18
1024,25
1025,4
1026,7
1027,17
1028,21
1029,14
1030,17
1031,20
1032,25
1033,4
1034,21
1035,20
1036,22
1037,15
1038,21
1039,4
1040,14
1041,14
1042,6
1043,6
1044,14
1046,20
1047,21
1048,14
1049,4
1050,22
1051,21
1052,4
1053,12
1054,17
1055,22
1056,6
1057,22
1058,21
1059,18
1060,21
1061,11
1062,4
1063,12
1064,11
1065,21
1066,17
1067,21
1068,6
1069,7
1070,19
1071,4
1072,11
1073,3
1074,17
1075,21
1076,16
1077,17
1078,12
1079,14
1080,21
1081,20
1082,4
1083,5
1084,3
1085,15
1086,14
1087,23
1088,17
1089,20
1090,11
1091,15
1092,14
1093,14
1094,5
1095,9
1096,5
1097,14
1098,17
1099,21
1100,17
1101,21
1102,3
1103,3
1104,3
1105,22
1106,11
1107,22
1108,5
1109,21
1110,11
1111,12
1112,21
1113,1
1114,1
1115,4
1116,11
1117,20
1118,12
1119,11
1121,21
1122,12
1123,12
1124,6
1125,18
1126,25
1127,11
1128,11
1129,11
1130,7
1131,1
1132,17
1133,2
1134,20
1135,1
1136,9
1137,1
1138,6
1139,21
1140,6
1141,21
1142,1
1143,21
1144,17
1145,21
1146,21
1147,6
1148,21
1149,21
1150,17
1151,12
1152,12
1153,6
1154,24
1155,25
1156,24
1157,24
1158,3
1159,6
1160,6
1161,4
1162,12
1163,21
1164,7
1165,17
1166,7
1167,17
1168,21
1169,21
1170,1
1171,21
1172,4
1173,21
1174,7
1175,1
1176,17
1177,25
1178,21
1179,17
1180,21
1181,3
1182,21
1183,6
1184,4
1185,12
1186,21
1187,20
1188,12
1189,14
1190,9
1191,14
1192,14
1193,17
1194,6
1195,24
1196,9
1197,21
1198,11
1199,6
1200,20
1201,15
1202,14
1203,21
1204,21
1205,21
1206,11
1207,21
1208,21
1209,1
1210,20
1211,12
1212,18
1213,6
1214,4
1215,6
1216,21
1217,4
1218,21
1219,12
1220,6
1221,5
1222,6
1223,18
1224,1
1225,21
1226,18
1227,21
1228,11
1229,17
1230,21
1231,6
1232,7
1233,21
1234,21
1235,25
1236,21
1237,6
1238,7
1239,22
1240,12
1241,11
1242,18
1243,11
1244,7
1245,6
1246,18
1247,11
1248,6
1249,7
1250,11
1251,19
1252,15
1253,6
1254,24
1255,21
1256,17
1257,21
1258,15
1259,6
1260,21
1261,21
1262,25
1263,21
1264,21
1265,25
1266,1
1267,1
1268,11
1269,17
1270,21
1271,21
1272,21
1273,1
1274,25
1275,1
1276,14
1277,11
1278,20
1279,21
1280,20
1281,14
1282,7
1283,11
1284,21
1285,6
1286,1
1287,14
1288,24
1289,25
1290,9
1291,17
1292,6
1293,4
1294,17
1295,17
1296,21
1297,20
1298,17
1299,6
1300,21
1301,25
1302,17
1303,14
1304,14
1305,24
1306,20
1307,17
1308,14
1309,3
1310,17
1311,17
1312,17
1313,17
1314,6
1315,9
1316,17
1317,20
1318,17
1319,17
1320,1
1321,9
1322,20
1323,14
1324,17
1325,21
1326,6
1327,21
1328,6
1329,17
1330,21
1331,20
1332,17
1333,17
1334,11
1335,6
1336,21
1337,20
1338,24
1339,14
1340,18
1341,18
1342,18
1343,25
1344,21
1345,6
1346,1
1347,6
1348,15
1349,17
1350,21
1351,5
1352,9
1353,11
1354,11
1355,18
1356,6
1357,12
1358,17
1359,4
1360,21
1361,20
1362,17
1363,24
1364,17
1365,7
1366,6
1367,17
1368,3
1369,21
1370,3
1371,17
1372,6
1373,21
1374,17
1375,17
1376,14
1377,1
1378,20
1379,20
1380,18
1381,18
1382,20
1383,9
1384,14
1385,6
1386,25
1387,4
1388,17
1389,25
1390,2
1391,20
1392,25
1393,20
1394,11
1395,17
1396,18
1397,14
1398,21
1399,6
1400,21
1401,25
1402,6
1403,17
1404,17
1405,14
1406,17
1407,17
1408,14
1409,6
1410,6
1411,21
1412,17
1413,21
1414,4
1415,9
1416,1
1417,14
1418,6
1419,6
1420,9
1421,1
1422,21
1423,18
1424,4
1425,17
1426,17
1427,1
1428,21
1429,17
1430,25
1431,4
1432,1
1433,6
1434,14
1435,18
1436,21
1437,19
1438,14
1439,7
1440,20
1441,20
1442,6
1443,21
1444,20
1445,25
1446,22
1447,14
1448,9
1449,18
1450,6
1451,18
1452,21
1453,20
1454,14
1455,20
1456,5
1457,21
1458,12
1459,20
1460,20
1461,21
1462,22
1463,20
1464,9
1465,7
1466,24
1467,1
1468,1
1469,9
1470,3
1471,9
1472,11
1473,9
1474,15
1475,1
1476,25
1477,18
1478,20
1479,11
1480,6
1481,9
1482,20
1483,9
1484,18
1485,17
1486,9
1487,14
1488,21
1489,17
1490,21
1491,17
1492,6
1493,11
1494,21
1495,24
1496,21
1497,21
1498,25
1499,12
1500,25
1501,20
1502,25
1503,25
1504,9
1505,21
1506,9
1507,17
1508,22
1509,14
1510,9
1511,21
1512,11
1513,17
1514,9
1515,11
1516,25
1517,17
1518,21
1519,4
1520,25
1521,20
1522,18
1523,6
1524,20
1525,11
1526,21
1527,17
1528,17
1529,4
1530,7
1531,25
1532,20
1533,20
1534,25
1535,11
1536,20
1537,20
1538,23
1539,14
1540,21
1541,25
1542,20
1543,5
1544,14
1545,7
1546,20
1547,21
1548,21
1549,6
1550,17
1551,12
1552,12
1553,25
1554,4
1555,9
1556,21
1557,11
1558,14
1559,18
1560,6
1562,6
1563,25
1564,17
1565,20
1566,6
1567,1
1568,21
1569,7
1570,11
1571,11
1572,7
1573,25
1574,25
1575,4
1576,17
1577,25
1578,17
1579,4
1580,18
1581,25
1582,20
1583,17
1584,17
1585,20
1586,9
1587,25
1588,20
1589,5
1590,23
1591,1
1592,17
1593,21
1594,5
1595,6
1596,17
1597,4
1598,6
1599,1
1600,17
1601,6
1602,18
1603,14
1604,20
1605,24
1606,21
1607,6
1608,18
1609,6
1610,4
1611,25
1612,18
1613,12
1614,21
1615,21
1616,11
1617,4
1618,20
1619,17
1620,21
1621,25
1622,24
1623,18
1624,18
1625,21
1626,17
1627,18
1628,21
1629,18
1630,18
1631,7
1632,21
1633,4
1634,14
1635,25
1636,9
1637,4
1638,11
1639,20
1640,1
1641,14
1642,9
1643,9
1644,15
1645,4
1647,21
1649,11
1650,12
1651,6
1652,3
1653,21
1654,4
1655,4
1656,4
1657,14
1658,4
1659,21
1660,6
1661,4
1662,20
1663,4
1664,21
1665,21
1666,21
1667,21
1668,4
1669,20
1670,9
1671,14
1672,4
1673,6
1675,14
1676,21
1677,3
1678,17
1679,18
1681,9
1682,24
1683,20
1684,12
1685,25
1687,9
1689,12
1690,21
1691,1
1693,9
1694,4
1695,20
1696,7
1698,20
1699,25
1700,1
1701,11
1702,17
1703,24
1704,4
1705,14
1706,9
1720,21
1721,6
1722,1
1724,21
1725,12
1726,21
1728,25
1729,20
1730,17
1731,20
1733,1
1734,11
1736,6
1737,9
1738,6
1739,4
1740,21
1742,18
1743,21
1744,4
1745,14
1747,6
1748,7
1749,12
1750,21
1751,20
1752,6
1753,6
1754,9
1755,17
1756,11
1757,11
1758,11
1759,21
1760,1
1761,7
1762,4
1765,21
1766,12
1768,11
1769,17
1770,17
1771,4
1772,24
1773,7
1774,14
1775,21
1776,12
1777,21
1778,25
1779,1
1780,25
1781,14
1782,17
1783,21
1784,21
1785,25
1786,4
1787,12
1788,17
1789,17
1790,25
1791,6
1792,6
1793,17
1794,6
1795,25
1796,4
1797,11
1798,17
1799,21
1800,18
1802,6
1803,12
1804,1
1805,7
1806,12
1807,4
1808,6
1809,21
1810,12
1811,12
1812,11
1813,21
1814,21
1815,24
1816,7
1817,21
1818,14
1819,17
1820,14
1821,3
1823,12
1824,25
1825,14
1826,20
1827,17
1828,6
1829,21
1830,1
1831,20
1832,9
1833,4
1834,6
1835,4
1836,14
1837,6
1838,12
1839,20
1840,14
1841,11
1842,21
1843,6
1844,24
1845,6
1846,4
1847,12
1848,15
1849,21
1850,21
1852,12
1853,21
1854,17
1855,12
1856,25
1857,11
1858,6
1859,21
1860,18
1861,7
1862,6
1863,12
1864,21
1865,6
1866,6
1867,17
1868,6
1869,18
1870,21
1871,17
1872,4
1873,17
1875,12
1876,21
1877,21
1878,17
1879,24
1880,17
1881,17
1882,4
1884,11
1885,4
1886,6
1887,21
1888,7
1889,6
1890,14
1891,12
1892,25
1893,24
1894,6
1895,25
1896,1
1897,20
1898,17
1899,18
1900,9
1901,18
1903,21
1904,6
1905,12
1906,1
1907,17
1908,1
1910,24
1911,1
1912,21
1913,14
1914,12
1915,4
1916,11
1917,21
1918,9
1919,9
1920,21
1921,21
1922,11
1923,18
1924,21
1925,12
1926,4
1927,17
1930,21
1931,21
1932,12
1933,21
1934,17
1935,12
1936,11
1937,17
1938,12
1939,21
1940,25
1941,6
1942,21
1943,21
1944,4
1945,21
1946,21
1947,21
1948,17
1949,20
1950,20
1951,12
1952,21
1953,6
1954,21
1955,7
1956,19
1957,18
1958,20
1959,21
1960,7
1961,6
1963,25
1964,24
1965,4
1966,24
1967,12
1968,6
1969,12
1970,21
1971,6
1972,9
1973,21
1974,25
1975,14
1976,1
1977,18
1978,20
1979,17
1980,21
1981,12
1982,21
1983,19
1984,20
1985,25
1986,21
1987,20
1988,20
1989,17
1990,20
1991,18
1992,14
1993,14
1994,21
1995,20
1997,20
1998,6
1999,9
2000,21
2001,18
2002,18
2003,21
2004,21
2005,6
2006,12
2007,21
2008,21
2009,6
2010,7
2011,1
2012,25
2013,1
2014,4
2015,12
2017,4
2018,7
2019,2
2020,25
2021,21
2022,7
2023,4
2024,1
2025,1
2026,9
2027,25
2028,12
2029,21
2030,6
2031,1
2032,17
2033,10
2034,12
2035,12
2036,7
2037,4
2038,12
2039,6
2040,21
2041,21
2042,6
2043,6
2044,17
2045,21
2046,21
2047,25
2048,20
2049,21
2051,12
2052,12
2053,7
2054,1
2055,21
2056,21
2057,5
2058,7
2059,7
2060,21
2061,18
2062,25
2063,21
2065,12
2066,7
2067,14
2068,7
2069,21
2070,3
2071,4
2072,6
2073,18
2074,24
2075,21
2076,25
2077,12
2078,6
2079,21
2080,11
2081,3
2082,12
2083,6
2084,24
2085,11
2086,9
2087,12
2088,7
2089,12
2090,7
2091,21
2093,11
2094,21
2095,21
2096,16
2097,12
2098,12
2099,12
2100,6
2101,25
2102,6
2103,21
2104,9
2105,25
2106,6
2107,17
2108,11
2109,1
2110,17
2111,11
2112,4
2113,6
2114,12
2115,12
2116,18
2117,7
2118,21
2119,25
2120,4
2121,7
2122,21
2123,3
2125,7
2126,18
2127,21
2128,4
2129,21
2130,21
2131,11
2132,4
2133,15
2134,23
2135,12
2136,21
2137,12
2138,6
2139,21
2140,6
2141,21
2142,4
2143,11
2144,9
2145,12
2146,7
2147,21
2148,4
2149,12
2150,12
2151,4
2152,6
2153,12
2154,1
2155,12
2156,14
2157,9
2158,6
2159,21
2160,21
2161,20
2162,1
2163,9
2164,17
2165,18
2167,12
2168,21
2169,17
2170,12
2171,17
2172,17
2173,14
2174,17
2175,17
2176,1
2177,21
2178,9
2179,1
2180,11
2181,12
2182,1
2183,1
2184,12
2185,21
2187,1
2188,17
2189,21
2190,4
2191,17
2192,21
2193,17
2194,4
2196,21
2197,12
2198,20
2199,17
2200,21
2201,3
2202,21
2203,20
2204,25
2205,21
2206,25
2207,7
2208,21
2209,4
2210,21
2211,5
2212,21
2213,11
2214,21
2215,24
2216,21
2217,25
2218,7
2219,7
2220,6
2221,11
2222,24
2223,1
2224,20
2225,18
2226,7
2228,24
2229,11
2230,17
2232,21
2233,17
2234,20
2235,1
2236,25
2237,17
2238,6
2239,17
2240,11
2241,6
2242,17
2243,12
2244,6
2245,1
2246,21
2247,17
2248,6
2249,12
2250,12
2251,21
2252,20
2253,17
2254,1
2255,1
2256,25
2257,7
2258,21
2259,6
2260,17
2261,6
2262,21
2263,18
2264,9
2265,4
2266,24
2267,6
2268,21
2269,21
2270,20
2271,1
2272,25
2273,12
2275,11
2276,6
2277,21
2278,21
2280,11
2281,11
2282,12
2283,14
2284,11
2285,4
2286,6
2287,11
2288,4
2289,12
2291,12
2292,7
2293,21
2294,15
2295,21
2296,17
2297,21
2298,24
2299,1
2300,1
2301,12
2302,6
2303,20
2304,14
2306,21
2307,1
2308,6
2309,20
2310,4
2311,12
2312,25
2313,12
2314,20
2315,7
2316,21
2318,18
2319,20
2320,25
2322,1
2323,20
2324,4
2325,21
2326,24
2327,17
2328,4
2329,25
2330,6
2331,12
2332,4
2333,18
2334,7
2335,20
2336,4
2337,12
2338,21
2339,5
2340,18
2341,21
2342,6
2343,11
2344,12
2345,6
2346,21
2347,5
2348,6
2349,20
2350,1
2351,4
2352,12
2353,21
2354,12
2355,3
2356,4
2357,6
2358,14
2359,24
2360,5
2361,20
2362,14
2363,25
2364,11
2365,14
2366,11
2369,21
2370,6
2371,1
2372,25
2373,6
2374,12
2375,11
2376,20
2377,21
2378,17
2379,21
2380,11
2381,21
2382,18
2383,1
2384,25
2385,6
2386,11
2387,18
2388,9
2390,20
2391,11
2392,20
2393,14
2394,6
2395,1
2396,11
2397,20
2398,12
2399,21
2400,20
2401,12
2402,25
2403,6
2404,25
2405,11
2406,17
2408,11
2409,17
2410,17
2412,24
2413,25
2414,6
2415,6
2416,9
2417,24
2418,11
2420,1
2421,12
2422,21
2423,21
2424,4
2425,21
2426,17
2427,14
2428,6
2429,20
2431,6
2432,21
2433,4
2435,21
2436,17
2437,18
2438,24
2439,21
2440,17
2441,12
2442,17
2443,1
2445,1
2446,12
2447,11
2448,20
2449,17
2450,17
2451,16
2452,21
2454,9
2455,21
2456,7
2457,12
2458,12
2459,4
2460,1
2461,21
2462,18
2463,7
2464,6
2465,3
2466,6
2467,25
2468,17
2469,21
2470,18
2471,25
2472,1
2473,21
2474,17
2475,21
2476,24
2477,6
2479,21
2480,6
2481,12
2482,18
2483,21
2484,20
2485,11
2486,11
2487,20
2489,12
2491,6
2492,11
2493,4
2494,21
2495,20
2496,4
2497,11
2498,4
2499,25
2500,9
2502,21
2503,21
2504,1
2505,21
2506,18
2507,21
2508,6
2509,17
2510,20
2511,18
2512,12
2513,14
2514,6
2515,21
2516,12
2517,24
2518,11
2519,4
2520,9
2521,1
2524,9
2525,14
2526,21
2528,21
2529,24
2530,21
2531,21
2532,17
2534,21
2535,6
2536,17
2537,9
2538,6
2539,12
2540,25
2541,17
2542,25
2543,17
2545,21
2546,25
2547,21
2548,11
2549,21
2550,20
2552,1
2554,4
2555,6
2556,6
2557,12
2559,21
2560,25
2561,24
2562,21
2563,6
2564,17
2565,11
2566,21
2567,11
2569,25
2570,17
2572,25
2573,12
2574,18
2575,7
2576,12
2577,9
2578,21
2579,7
2580,6
2581,12
2582,20
2583,20
2584,1
2585,21
2586,17
2587,14
2588,17
2589,11
2590,18
2591,24
2592,25
2593,25
2594,17
2595,17
2596,11
2598,25
2599,20
2600,6
2602,24
2603,21
2604,21
2605,21
2607,6
2608,17
2609,6
2610,21
2611,17
2612,25
2613,4
2614,20
2615,4
2616,14
2617,6
2619,25
2620,17
2621,1
2622,1
2623,18
2624,6
2625,21
2626,1
2627,12
2628,20
2629,25
2630,11
2632,21
2633,17
2634,24
2635,20
2636,14
2637,20
2638,1
2639,21
2640,12
2641,7
2642,18
2643,18
2645,9
2646,25
2647,11
2648,21
2649,21
2650,12
2651,21
2652,25
2653,14
2654,12
2655,6
2656,12
2658,18
2659,12
2660,12
2661,12
2662,11
2664,21
2665,7
2666,21
2667,1
2668,21
2669,21
2671,1
2672,12
2673,14
2674,12
2675,25
2676,25
2677,7
2679,7
2680,7
2681,25
2682,25
2683,11
2684,2
2685,25
2686,14
2687,25
2688,21
2689,4
2690,21
2691,17
2692,25
2693,4
2694,17
2695,6
2696,17
2697,25
2698,17
2699,22
2700,7
2701,21
2702,12
2703,17
2704,21
2708,24
2709,21
2710,4
2711,1
2712,6
2713,6
2714,17
2715,21
2716,25
2717,1
2718,17
2719,4
2720,14
2721,12
2722,17
2724,18
2725,17
2726,4
2727,5
2728,12
2729,25
2730,21
2731,7
2732,21
2733,12
2734,21
2735,21
2736,24
2738,21
2739,21
2740,12
2741,17
2742,3
2743,11
2744,21
2745,11
2746,12
2747,25
2748,11
2749,24
2750,11
2751,18
2752,17
2753,12
2754,6
2755,1
2756,12
2757,17
2758,12
2759,1
2760,6
2761,20
2762,12
2763,6
2764,21
2766,24
2767,12
2768,20
2769,25
2770,6
2771,5
2772,12
2773,6
2774,25
2775,12
2776,21
2777,12
2778,25
2779,12
2780,24
2781,16
2782,12
2783,16
2784,21
2785,16
2786,7
2787,16
2788,7
2789,2
2790,16
2791,2
2797,21
2800,21
2801,21
2804,2
2806,12
2807,21
2808,12
2809,21
2810,21
2813,25
2814,7
2815,3
2816,25
2819,21
2820,7
2821,24
2822,21
2823,7
2824,16
2826,6
2827,21
2828,17
2829,21
2830,2
2831,21
2832,21
2839,25
2846,25
2849,21
2879,25
2884,20
2885,25
2891,4
2892,7
2893,12
2894,4
2896,14
2897,24
2899,7
2900,21
2901,21
2902,18
2903,24
2904,1
2907,21
2909,16
2910,1
2911,21
2912,25
2915,21
2916,12
2917,25
2918,6
2919,12
2920,25
2921,14
2922,7
2924,12
2925,24
2926,21
2927,12
2928,21
2929,25
2930,1
2931,21
2932,12
2934,21
2935,7
2936,12
2937,21
2938,21
2939,21
2940,7
2941,21
2942,21
2943,24
2944,12
2945,24
2946,12
2947,12
2948,12
2949,7
2950,7
2951,12
2952,21
2953,4
2955,8
2956,12
2958,12
2959,12
2960,6
2961,11
2962,12
2963,25
2965,6
2966,25
2967,12
2968,21
2969,24
2970,21
2971,11
2973,6
2974,12
2975,12
2976,6
2977,25
2979,7
2980,16
2981,12
2982,11
2983,3
2984,9
2985,21
2986,25
2987,21
2988,12
2989,21
2991,4
2992,25
2993,4
2994,6
2996,25
2997,14
2998,4
2999,4
3000,9
3001,6
3002,25
3003,25
3004,18
3006,25
3007,7
3008,8
3009,12
3010,12
3012,14
3013,21
3014,7
3015,11
3016,8
3017,8
3018,21
3019,24
3020,4
3021,4
3022,21
3023,7
3024,6
3025,17
3026,21
3027,21
3029,1
3030,12
3032,12
3033,6
3035,21
3036,1
3037,6
3038,24
3039,25
3040,21
3041,1
3043,12
3044,24
3045,24
3046,12
3047,21
3048,24
3049,21
3050,6
3051,6
3052,6
3053,12
3054,12
3056,24
3057,7
3058,24
3059,3
3060,6
3061,7
3062,6
3063,16
3064,21
3065,11
3066,21
3067,21
3069,7
3072,24
3073,21
3074,12
3076,11
3077,12
3078,21
3081,21
3082,6
3083,25
3084,9
3085,11
3086,25
3087,4
3088,12
3089,6
3090,7
3091,21
3092,25
3093,7
3094,21
3095,24
3096,6
3097,21
3099,25
3100,12
3101,16
3102,6
3103,12
3104,21
3105,12
3106,6
3108,25
3109,12
3110,25
3111,25
3112,12
3113,21
3114,9
3115,7
3116,21
3117,7
3120,7
3121,4
3122,11
3123,25
3125,4
3126,12
3127,25
3128,21
3129,25
3131,11
3132,12
3133,17
3134,12
3136,25
3137,7
3140,25
3141,25
3142,24
3144,24
3145,12
3147,24
3148,12
3149,7
3150,12
3152,12
3153,6
3154,12
3157,21
3159,21
3160,25
3161,11
3162,7
3163,12
3164,12
3166,21
3167,12
3168,25
3169,11
3170,12
3171,18
3172,12
3173,21
3174,21
3175,21
3176,7
3177,25
3178,21
3179,17
3181,12
3182,6
3183,21
3184,9
3186,25
3187,21
3188,24
3189,7
3190,4
3191,21
3192,6
3193,21
3194,21
3195,9
3196,21
3197,25
3198,18
3199,7
3202,7
3203,24
3204,16
3205,6
3206,14
3207,21
3208,11
3209,11
3210,24
3212,21
3213,6
3214,25
3215,24
3216,6
3217,24
3219,16
3220,16
3221,24
3222,12
3223,24
3224,24
3225,24
3226,24
3227,6
3228,12
3229,6
3231,12
3232,21
3233,16
3234,25
3235,11
3236,24
3237,12
3238,6
3239,24
3241,21
3243,20
3244,21
3245,21
3246,6
3247,11
3249,21
3252,12
3253,12
3254,6
3255,14
3256,14
3257,12
3259,12
3260,14
3261,25
3263,21
3264,24
3265,12
3266,6
3267,25
3268,18
3269,21
3270,25
3271,25
3272,21
3273,6
3274,6
3275,6
3276,7
3277,16
3278,21
3279,17
3280,25
3281,12
3282,12
3283,25
3284,25
3285,25
3286,25
3287,7
3288,25
3289,11
3290,21
3291,25
3294,7
3295,6
3297,25
3298,25
3299,25
3300,25
3302,25
3304,25
3305,12
3307,4
3309,9
3310,7
3311,12
3313,7
3314,6
3315,21
3316,21
3317,25
3318,12
3319,6
3320,12
3321,7
3322,12
3323,24
3325,12
3326,12
3327,16
3328,18
3329,25
3331,7
3332,9
3334,20
3335,12
3336,24
3337,3
3338,25
3339,16
3340,6
3342,24
3343,16
3344,21
3345,21
3346,4
3348,1
3349,6
3351,18
3354,25
3355,25
3356,21
3357,12
3358,6
3359,14
3360,12
3361,16
3362,21
3363,21
3364,14
3366,7
3367,18
3368,21
3369,18
3370,21
3373,21
3374,12
3375,6
3376,11
3377,24
3378,25
3379,21
3380,21
3381,12
3382,16
3383,6
3384,7
3387,16
3388,6
3389,11
3390,16
3391,12
3392,1
3393,21
3394,20
3395,21
3397,20
3398,12
3399,21
3400,18
3401,12
3402,6
3403,25
3404,4
3405,4
3406,24
3407,25
3408,6
3409,16
3410,12
3411,18
3412,16
3413,24
3414,12
3415,24
3419,21
3420,6
3421,18
3422,12
3423,24
3425,1
3426,12
3428,21
3430,21
3432,24
3433,16
3436,12
3439,21
3440,9
3442,3
3444,12
3445,24
3446,16
3447,12
3448,25
3449,16
3450,6
3452,16
3453,12
3455,11
3456,16
3457,12
3458,25
3459,12
3460,12
3462,6
3464,9
3465,1
3466,1
3467,4
3468,12
3469,12
3470,12
3471,21
3473,24
3474,4
3475,21
3476,8
3478,12
3479,12
3481,25
3482,25
3484,11
3486,11
3487,18
3490,25
3492,21
3493,12
3494,12
3496,21
3497,18
3502,4
3504,24
3505,25
3506,20
3507,1
3508,21
3509,21
3510,12
3511,25
3512,25
3514,25
3515,21
3516,21
3518,7
3519,24
3520,21
3521,7
3522,21
3524,12
3525,25
3527,8
3528,18
3529,7
3530,25
3532,25
3534,21
3536,21
3537,6
3538,17
3539,6
3540,12
3541,12
3543,21
3544,21
3545,12
3546,21
3547,6
3548,20
3549,7
3550,12
3551,21
3552,24
3553,7
3554,21
3555,25
3556,7
3557,24
3559,21
3560,25
3561,9
3562,21
3563,18
3564,25
3565,12
3566,6
3568,21
3569,25
3570,7
3571,12
3572,24
3574,12
3575,7
3576,12
3577,21
3578,21
3579,12
3580,24
3582,7
3583,25
3584,21
3585,21
3587,12
3588,25
3591,14
3595,6
3597,12
3598,12
3599,21
3600,12
3601,12
3604,25
3605,12
3607,9
3608,21
3609,21
3610,12
3613,1
3615,12
3616,16
3617,12
3618,6
3619,21
3620,21
3621,6
3625,16
3626,21
3628,24
3632,12
3633,16
3634,16
3635,25
3636,16
3637,12
3639,21
3641,12
3643,18
3645,25
3646,25
3647,21
3649,6
3650,12
3651,11
3652,12
3653,12
3654,25
3655,21
3656,12
3657,6
3658,12
3661,25
3664,21
3665,6
3666,25
3667,12
3668,24
3671,21
3672,21
3673,7
3676,21
3678,12
3679,14
3680,12
3681,12
3682,12
3683,21
3684,21
3685,7
3686,12
3687,21
3689,8
3690,7
3691,25
3692,6
3694,12
3695,8
3696,7
3697,14
3699,25
3700,25
3702,7
3703,12
3704,16
3706,16
3707,7
3708,20
3710,12
3711,12
3712,25
3713,4
3714,12
3715,24
3719,6
3720,7
3724,24
3725,21
3726,25
3727,21
3729,12
3730,11
3731,12
3732,21
3734,12
3735,12
3736,18
3738,21
3741,25
3742,21
3743,21
3744,24
3745,6
3746,12
3747,21
3748,6
3750,1
3751,21
3752,9
3754,21
3755,21
3756,24
3758,12
3759,21
3760,12
3762,21
3763,25
3764,6
3765,12
3766,6
3769,21
3771,21
3772,6
3773,8
3774,25
3775,12
3780,9
3781,21
3782,6
3785,21
3787,24
3788,21
3789,7
3790,1
3791,24
3792,7
3793,12
3794,21
3795,21
3796,25
3798,11
3799,7
3800,24
3801,21
3803,7
3804,21
3805,21
3806,25
3807,25
3808,25
3809,24
3810,21
3811,17
3813,1
3814,12
3815,25
3816,21
3817,9
3818,7
3820,21
3821,25
3823,18
3824,21
3825,25
3826,21
3827,12
3828,24
3829,21
3831,24
3832,12
3833,12
3834,24
3835,18
3836,24
3837,21
3838,7
3841,21
3843,21
3844,21
3845,7
3846,21
3847,25
3848,7
3849,7
3850,7
3851,6
3852,25
3853,22
3854,1
3856,21
3857,12
3858,16
3859,12
3860,12
3861,24
3862,9
3863,6
3864,12
3865,12
3866,12
3867,6
3868,6
3870,12
3871,7
3872,20
3873,12
3874,21
3875,21
3876,17
3878,7
3879,8
3880,24
3881,17
3882,4
3883,25
3885,7
3886,12
3887,12
3888,12
3889,25
3890,12
3891,8
3892,6
3896,21
3898,21
3900,24
3901,24
3904,21
3906,3
3907,3
3909,12
3910,12
3911,12
3912,25
3913,16
3914,9
3915,12
3916,12
3918,25
3919,6
3920,9
3921,11
3922,9
3923,12
3924,7
3925,21
3926,25
3929,21
3930,21
3931,9
3932,21
3933,24
3934,12
3935,6
3936,21
3938,7
3939,9
3940,21
3941,24
3942,21
3943,7
3945,12
3946,21
3949,7
3950,7
3951,6
3952,25
3954,9
3955,21
3956,24
3958,24
3959,25
3960,21
3961,7
3962,21
3963,11
3964,24
3965,1
3966,21
3967,12
3968,21
3969,21
3970,11
3971,4
3972,24
3973,17
3974,25
3975,4
3976,21
3977,21
3978,21
3979,24
3980,25
3982,7
3984,7
3985,21
3986,12
3987,12
3988,7
3989,21
3990,16
3991,12
3993,11
3994,25
3995,21
3996,5
3997,12
3999,1
4000,21
4001,8
4002,24
4003,7
4005,25
4006,12
4007,25
4008,14
4009,12
4010,25
4011,21
4012,16
4013,21
4015,25
4017,16
4018,21
4019,25
4020,12
4021,6
4022,21
4023,12
4024,12
4025,21
4026,21
4029,6
4030,16
4031,25
4032,21
4034,12
4036,24
4038,12
4039,25
4040,6
4041,21
4042,21
4044,12
4045,24
4047,16
4048,6
4049,6
4050,11
4051,21
4053,16
4054,16
4055,12
4056,7
4057,7
4058,7
4059,21
4060,17
4061,1
4062,25
4063,25
4065,12
4067,12
4068,21
4069,7
4070,1
4071,17
4072,4
4075,12
4076,21
4077,16
4078,6
4080,12
4084,21
4088,12
4089,11
4090,12
4091,16
4092,12
4093,21
4095,12
4096,11
4097,6
4099,21
4101,21
4102,1
4104,6
4105,6
4107,11
4108,12
4109,11
4110,24
4111,11
4112,14
4113,12
4115,20
4117,21
4118,6
4119,24
4120,18
4121,8
4122,21
4123,12
4126,6
4127,25
4128,24
4130,6
4132,24
4134,12
4135,25
4137,21
4138,18
4139,6
4140,18
4142,21
4143,12
4144,12
4147,6
4148,7
4150,25
4151,21
4154,12
4155,4
4156,12
4158,25
4159,6
4160,24
4161,12
4163,21
4165,21
4166,12
4167,16
4168,25
4169,12
4171,16
4172,21
4173,12
4174,25
4175,25
4176,9
4177,25
4178,12
4179,6
4180,12
4181,12
4182,12
4183,20
4184,11
4185,6
4186,9
4187,12
4188,24
4189,25
4190,6
4191,21
4192,21
4193,11
4194,6
4195,6
4196,16
4197,6
4198,25
4199,16
4200,21
4201,21
4202,21
4203,12
4204,21
4205,21
4207,4
4208,8
4209,6
4210,21
4211,24
4213,12
4214,24
4215,11
4216,4
4218,24
4219,18
4220,16
4222,11
4223,24
4224,18
4225,6
4230,21
4232,21
4233,11
4234,25
4235,7
4236,6
4238,17
4239,12
4240,17
4242,1
4244,7
4245,12
4247,8
4250,21
4251,21
4252,8
4254,25
4255,8
4256,9
4259,7
4261,21
4262,21
4263,18
4264,1
4266,21
4267,12
4268,6
4271,7
4272,7
4273,24
4274,6
4275,12
4276,25
4277,21
4278,21
4279,7
4280,8
4281,1
4282,21
4283,16
4284,6
4287,16
4288,12
4289,25
4290,21
4291,1
4293,24
4294,25
4295,7
4296,21
4297,7
4298,7
4299,12
4300,7
4301,21
4302,12
4303,7
4304,8
4305,12
4306,18
4307,16
4308,6
4309,21
4310,9
4311,9
4312,9
4313,12
4315,9
4316,9
4317,7
4318,12
4319,12
4320,25
4321,21
4323,7
4324,21
4326,16
4327,16
4328,12
4329,12
4330,6
4331,25
4334,6
4335,6
4337,12
4338,12
4339,21
4342,7
4343,17
4344,1
4346,7
4348,7
4349,12
4352,8
4353,21
4355,4
4356,7
4357,25
4358,6
4359,12
4360,12
4362,25
4363,7
4364,25
4365,21
4366,7
4369,25
4372,12
4373,12
4374,7
4375,21
4376,8
4377,16
4379,7
4380,21
4381,12
4382,25
4383,7
4384,12
4385,14
4386,25
4387,7
4388,7
4389,7
4390,12
4391,16
4392,8
4393,8
4395,18
4396,7
4397,6
4398,3
4399,4
4402,12
4403,7
4406,4
4407,12
4408,7
4409,7
4410,3
4412,24
4413,12
4414,24
4416,12
4417,21
4418,21
4419,21
4420,24
4422,24
4423,24
4425,9
4426,24
4427,1
4428,24
4430,1
4431,1
4432,6
4433,21
4434,1
4435,12
4436,21
4437,1
4438,6
4439,12
4440,4
4442,12
4445,21
4446,21
4447,7
4448,7
4449,21
4451,4
4452,25
4453,9
4456,25
4457,17
4458,12
4459,7
4460,6
4462,25
4464,4
4467,1
4468,21
4469,21
4472,12
4473,12
4474,12
4475,24
4476,6
4477,18
4478,16
4480,24
4481,12
4482,18
4483,16
4484,21
4485,24
4486,21
4487,1
4488,7
4490,6
4491,7
4492,25
4493,21
4494,21
4495,7
4497,12
4498,8
4499,7
4500,6
4501,6
4502,4
4503,21
4506,12
4507,24
4508,6
4510,12
4511,12
4512,21
4513,6
4516,6
4517,24
4518,3
4519,24
4520,21
4522,18
4523,11
4524,24
4525,9
4526,12
4527,12
4528,21
4529,21
4530,7
4531,21
4532,24
4535,16
4536,6
4537,21
4538,6
4542,12
4544,11
4545,24
4546,18
4547,7
4548,21
4549,21
4550,6
4551,12
4552,12
4553,25
4554,25
4555,6
4556,25
4558,21
4559,25
4560,25
4561,25
4562,21
4563,21
4564,21
4565,12
4567,12
4569,21
4570,4
4571,6
4572,12
4573,7
4575,7
4576,25
4577,11
4578,25
4580,7
4581,21
4582,4
4585,12
4586,24
4588,21
4591,7
4592,7
4593,17
4595,21
4596,1
4597,8
4598,11
4599,25
4601,21
4602,21
4604,6
4605,24
4606,8
4608,12
4609,8
4610,12
4611,14
4612,7
4613,12
4614,7
4615,12
4616,21
4618,7
4619,7
4620,1
4621,12
4622,21
4623,12
4624,6
4625,21
4626,12
4628,7
4629,7
4630,4
4632,6
4633,6
4634,24
4635,7
4637,6
4638,18
4639,12
4640,9
4641,4
4643,8
4644,21
4645,6
4646,21
4647,25
4649,4
4651,21
4652,7
4653,21
4654,11
4655,24
4656,21
4657,12
4658,16
4659,6
4660,21
4662,9
4664,21
4667,7
4668,25
4669,14
4672,6
4673,7
4674,20
4675,12
4676,8
4677,21
4678,14
4679,7
4680,25
4681,12
4682,21
4684,12
4685,4
4686,12
4687,12
4688,12
4689,8
4690,11
4691,4
4693,7
4694,7
4695,6
4696,12
4697,7
4698,7
4699,21
4700,25
4701,16
4702,3
4703,21
4704,21
4705,25
4706,12
4707,20
4708,25
4710,21
4711,16
4712,12
4713,16
4714,12
4716,21
4717,25
4718,6
4719,21
4720,12
4721,12
4722,7
4723,7
4724,12
4725,21
4726,12
4727,16
4728,12
4729,11
4730,25
4731,21
4732,6
4733,12
4734,12
4736,25
4738,12
4739,14
4740,12
4741,25
4742,16
4743,6
4744,21
4745,21
4746,6
4747,24
4748,14
4749,21
4751,1
4752,1
4754,21
4755,6
4756,21
4757,21
4758,7
4760,7
4761,6
4762,21
4763,21
4764,21
4765,21
4767,16
4768,21
4769,12
4770,12
4774,7
4775,12
4776,16
4777,12
4778,25
4779,17
4780,25
4781,12
4783,21
4784,24
4785,20
4786,12
4787,21
4788,6
4789,7
4790,24
4792,7
4794,21
4795,4
4796,21
4797,12
4798,1
4799,24
4800,12
4801,7
4802,6
4803,8
4804,6
4805,12
4806,21
4808,7
4809,7
4810,7
4811,6
4812,8
4813,24
4814,6
4815,7
4816,20
4817,25
4818,17
4820,12
4821,6
4822,21
4823,21
4824,25
4825,1
4827,18
4828,12
4829,21
4830,6
4831,12
4832,4
4833,11
4834,6
4835,21
4838,25
4839,12
4841,7
4842,7
4843,8
4845,6
4847,21
4849,16
4850,4
4851,1
4855,21
4856,1
4857,1
4858,21
4859,1
4861,1
4862,25
4864,12
4865,17
4866,25
4867,21
4868,12
4869,12
4870,12
4871,12
4872,14
4874,6
4875,25
4877,25
4878,25
4879,25
4880,25
4881,12
4883,21
4884,17
4885,21
4886,24
4888,9
4889,21
4892,1
4893,21
4894,12
4895,4
4896,7
4898,21
4899,21
4901,21
4902,1
4903,1
4904,18
4905,12
4906,12
4907,11
4908,25
4909,24
4910,11
4911,12
4913,12
4914,17
4915,21
4920,8
4921,7
4922,21
4923,17
4924,12
4925,7
4927,7
4928,7
4929,12
4930,6
4931,12
4932,24
4933,21
4934,6
4935,21
4936,21
4937,12
4938,7
4939,8
4940,16
4941,12
4942,12
4943,1
4944,12
4946,21
4947,16
4948,1
4949,17
4950,7
4951,25
4952,21
4953,12
4954,25
4955,21
4956,25
4957,11
4958,25
4959,6
4960,21
4961,21
4962,21
4963,11
4965,16
4966,16
4967,4
4968,9
4969,12
4970,6
4971,18
4972,12
4976,16
4978,1
4979,21
4980,1
4981,1
4983,21
4984,24
4985,24
4986,16
4987,4
4988,25
4989,21
4992,14
4993,7
4994,11
4995,25
4996,6
4997,24
4998,5
4999,21
5000,6
5001,12
5002,18
5003,12
5004,12
5005,1
5006,24
5007,21
5009,21
5011,12
5012,21
5016,21
5017,17
5018,6
5019,12
5020,25
5021,21
5022,21
5024,1
5028,6
5030,12
5031,21
5032,21
5034,9
5035,1
5036,11
5037,21
5038,1
5040,1
5043,1
5044,1
5046,1
5047,1
5048,1
5049,1
5050,21
5051,1
5052,1
5053,1
5054,1
5056,1
5058,24
5059,7
5061,8
5062,8
5063,11
5064,8
5065,8
5066,8
5067,7
5069,7
5072,11
5073,12
5074,21
5075,17
5076,7
5077,21
5079,12
5080,25
5081,21
5082,25
5084,25
5085,25
5086,25
5087,25
5088,25
5089,6
5090,12
5091,12
5092,7
5093,6
5094,6
5095,4
5096,9
5097,6
5098,21
5099,6
5100,21
5102,21
5103,21
5104,21
5105,12
5106,6
5108,6
5109,14
5111,21
5112,21
5113,6
5115,21
5116,25
5117,1
5118,12
5119,12
5120,12
5122,6
5123,7
5124,16
5125,4
5126,24
5127,12
5128,21
5129,1
5131,25
5132,9
5133,1
5134,20
5135,25
5136,18
5139,9
5140,18
5142,21
5144,12
5146,21
5147,4
5148,7
5149,21
5150,21
5151,21
5153,12
5155,14
5157,24
5158,12
5160,24
5161,6
5163,21
5164,24
5166,21
5167,25
5168,7
5170,24
5171,24
5172,25
5173,7
5175,21
5176,21
5177,21
5178,7
5179,12
5180,18
5181,7
5182,21
5184,12
5185,12
5187,21
5195,12
5197,21
5198,12
5200,12
5201,7
5207,1
5211,7
5212,12
5214,18
5215,21
5216,21
5221,6
5222,21
